,IBM,AAPL,JNJ
0,"        open     close       high        low
0   4.081553  3.264585   2.412587   3.106533
1   1.826104  2.338771   3.194921   1.954436
2   1.329602  1.256634   1.193915   0.925460
3   2.789656  2.173309   2.658707   2.554290
4   3.501464  4.191500   3.020674   2.120576
5   2.348223  4.112061   2.778891   3.681676
6   2.504850  3.219771   2.406060   3.032427
7  10.339782  6.418178  12.249007  11.250806
8   3.564136  4.330272   4.579108   5.168785
9   6.612826  6.925193   5.886290   5.327458","         open       close        high         low
0    3.358216    5.503069    6.986526    6.261666
1    0.879540    1.038458    0.640681    0.799505
2   51.273774   55.453587   64.228909   57.420857
3    7.225210    7.146040    6.684809   13.132175
4    4.954320    5.995789    6.411019    7.452919
5   30.670574   24.644472   17.736877   28.217671
6  354.171497  377.723352  374.797255  376.271188
7    2.699810    3.367902    3.065448    2.752592
8    4.781736   10.083731    4.453342    6.306726
9  268.522863  259.883736  265.344724  246.965600","        open      close       high        low
0  19.471260  11.680549  10.450933  37.342138
1   1.966418   2.109654   1.187922   1.360940
2   2.474155   1.552841   1.879016   1.492374
3   0.841778   1.296941   0.714887   1.201280
4   1.903415   1.756692   1.681821   1.226924
5   1.145207   1.362298   1.382308   0.884923
6   1.438544   0.953825   1.132403   1.431521
7  13.037006  11.593757   7.774431   8.635033
8   2.191207   2.862965   3.301510   2.344282
9   2.581288   3.026400   2.495935   2.791286"
